cohort_year,total_investment,avg_investment,investor_count
2024,3491125187,107422.54183205638,4803
2025,30455243,109158.5770609319,197
